{
  "FTP Request" : {
    "transaction" : "FTP Request",
    "sampleCount" : 500,
    "errorCount" : 500,
    "errorPct" : 100.0,
    "meanResTime" : 2025.568000000001,
    "medianResTime" : 2024.0,
    "minResTime" : 2002.0,
    "maxResTime" : 2079.0,
    "pct1ResTime" : 2040.9,
    "pct2ResTime" : 2047.0,
    "pct3ResTime" : 2063.99,
    "throughput" : 8.242664029014177,
    "receivedKBytesPerSec" : 0.0,
    "sentKBytesPerSec" : 0.0
  },
  "HTTP Request-1" : {
    "transaction" : "HTTP Request-1",
    "sampleCount" : 500,
    "errorCount" : 0,
    "errorPct" : 0.0,
    "meanResTime" : 496.3780000000002,
    "medianResTime" : 474.0,
    "minResTime" : 361.0,
    "maxResTime" : 1297.0,
    "pct1ResTime" : 545.0,
    "pct2ResTime" : 599.4999999999999,
    "pct3ResTime" : 1185.8100000000002,
    "throughput" : 8.341953351796857,
    "receivedKBytesPerSec" : 22.13107189929594,
    "sentKBytesPerSec" : 1.050890607794721
  },
  "Total" : {
    "transaction" : "Total",
    "sampleCount" : 2000,
    "errorCount" : 500,
    "errorPct" : 25.0,
    "meanResTime" : 860.3039999999999,
    "medianResTime" : 597.5,
    "minResTime" : 148.0,
    "maxResTime" : 2079.0,
    "pct1ResTime" : 2027.9,
    "pct2ResTime" : 2034.0,
    "pct3ResTime" : 2048.0,
    "throughput" : 32.060016350608336,
    "receivedKBytesPerSec" : 51.763401086834556,
    "sentKBytesPerSec" : 4.038810653543433
  },
  "HTTP Request-0" : {
    "transaction" : "HTTP Request-0",
    "sampleCount" : 500,
    "errorCount" : 0,
    "errorPct" : 0.0,
    "meanResTime" : 211.04799999999997,
    "medianResTime" : 193.0,
    "minResTime" : 148.0,
    "maxResTime" : 829.0,
    "pct1ResTime" : 233.0,
    "pct2ResTime" : 252.95,
    "pct3ResTime" : 695.6500000000003,
    "throughput" : 8.343902276216541,
    "receivedKBytesPerSec" : 4.807521819304452,
    "sentKBytesPerSec" : 1.0511361265936854
  },
  "HTTP Request" : {
    "transaction" : "HTTP Request",
    "sampleCount" : 500,
    "errorCount" : 0,
    "errorPct" : 0.0,
    "meanResTime" : 708.2220000000002,
    "medianResTime" : 675.0,
    "minResTime" : 555.0,
    "maxResTime" : 1777.0,
    "pct1ResTime" : 759.9000000000001,
    "pct2ResTime" : 911.6999999999999,
    "pct3ResTime" : 1683.7500000000002,
    "throughput" : 8.283219853221343,
    "receivedKBytesPerSec" : 26.747811159153787,
    "sentKBytesPerSec" : 2.086983127081159
  }
}